[
    {"model": "trips.continent", "pk": 1, "fields": {"name": "Africa"}},
    {"model": "trips.continent", "pk": 2, "fields": {"name": "Asia"}},
    {"model": "trips.continent", "pk": 3, "fields": {"name": "Australia"}},
    {"model": "trips.continent", "pk": 4, "fields": {"name": "Europa"}},
    {"model": "trips.continent", "pk": 5, "fields": {"name": "America de Nord"}},
    {"model": "trips.continent", "pk": 6, "fields": {"name": "America de Sud"}},
    {"model": "trips.country", "pk": 1, "fields": {"name": "Nigeria", "continent": 1}},
    {"model": "trips.country", "pk": 2, "fields": {"name": "Japonia", "continent": 2}},
    {"model": "trips.country", "pk": 3, "fields": {"name": "Australia", "continent": 3}},
    {"model": "trips.country", "pk": 4, "fields": {"name": "România", "continent": 4}},
    {"model": "trips.country", "pk": 5, "fields": {"name": "Statele Unite", "continent": 5}},
    {"model": "trips.country", "pk": 6, "fields": {"name": "Brazilia", "continent": 6}},
    {"model": "trips.city", "pk": 1, "fields": {"name": "Lagos", "country": 1}},
    {"model": "trips.city", "pk": 2, "fields": {"name": "Tokyo", "country": 2}},
    {"model": "trips.city", "pk": 3, "fields": {"name": "Sydney", "country": 3}},
    {"model": "trips.city", "pk": 4, "fields": {"name": "București", "country": 4}},
    {"model": "trips.city", "pk": 5, "fields": {"name": "New York", "country": 5}},
    {"model": "trips.city", "pk": 6, "fields": {"name": "Rio de Janeiro", "country": 6}},
    {"model": "trips.airport", "pk": 1, "fields": {"name": "Murtala Muhammed International Airport", "city": 1}},
    {"model": "trips.airport", "pk": 2, "fields": {"name": "Narita International Airport", "city": 2}},
    {"model": "trips.airport", "pk": 3, "fields": {"name": "Sydney Kingsford Smith Airport", "city": 3}},
    {"model": "trips.airport", "pk": 4, "fields": {"name": "Henri Coandă International Airport", "city": 4}},
    {"model": "trips.airport", "pk": 5, "fields": {"name": "John F. Kennedy International Airport", "city": 5}},
    {"model": "trips.airport", "pk": 6, "fields": {"name": "Galeão International Airport", "city": 6}}
]