[{"model": "admin.logentry", "pk": 1, "fields": {"action_time": "2025-04-09T20:42:00.237Z", "user": 1, "content_type": 8, "object_id": "7", "object_repr": "Grecia", "action_flag": 1, "change_message": "[{\"added\": {}}]"}}, {"model": "admin.logentry", "pk": 2, "fields": {"action_time": "2025-04-09T20:42:02.249Z", "user": 1, "content_type": 9, "object_id": "7", "object_repr": "Atena, Grecia", "action_flag": 1, "change_message": "[{\"added\": {}}]"}}, {"model": "admin.logentry", "pk": 3, "fields": {"action_time": "2025-04-09T20:42:13.826Z", "user": 1, "content_type": 12, "object_id": "3", "object_repr": "Lagos, Nigeria to Sydney Harbour Marriott (2025-08-10)", "action_flag": 2, "change_message": "[{\"changed\": {\"fields\": [\"Destination city\"]}}]"}}, {"model": "admin.logentry", "pk": 4, "fields": {"action_time": "2025-04-12T09:17:55.163Z", "user": 1, "content_type": 8, "object_id": "8", "object_repr": "China", "action_flag": 1, "change_message": "[{\"added\": {}}]"}}, {"model": "admin.logentry", "pk": 5, "fields": {"action_time": "2025-04-12T09:17:57.049Z", "user": 1, "content_type": 9, "object_id": "8", "object_repr": "Shanghai, China", "action_flag": 1, "change_message": "[{\"added\": {}}]"}}, {"model": "admin.logentry", "pk": 6, "fields": {"action_time": "2025-04-12T09:18:08.146Z", "user": 1, "content_type": 11, "object_id": "7", "object_repr": "Shanghai Pudong International Airport (Shanghai, China)", "action_flag": 1, "change_message": "[{\"added\": {}}]"}}, {"model": "admin.logentry", "pk": 7, "fields": {"action_time": "2025-04-12T20:52:21.039Z", "user": 1, "content_type": 12, "object_id": "1", "object_repr": "București, România to Tokyo Prince Hotel (2025-06-01)", "action_flag": 2, "change_message": "[{\"changed\": {\"fields\": [\"Places adults\", \"Places children\"]}}]"}}, {"model": "admin.logentry", "pk": 8, "fields": {"action_time": "2025-04-12T21:39:18.444Z", "user": 1, "content_type": 12, "object_id": "1", "object_repr": "București, România to Tokyo Prince Hotel (2025-06-01)", "action_flag": 2, "change_message": "[{\"changed\": {\"fields\": [\"Places adults\", \"Places children\"]}}]"}}, {"model": "admin.logentry", "pk": 9, "fields": {"action_time": "2025-04-20T16:52:03.631Z", "user": 1, "content_type": 9, "object_id": "9", "object_repr": "Heraklion, Grecia", "action_flag": 1, "change_message": "[{\"added\": {}}]"}}, {"model": "admin.logentry", "pk": 10, "fields": {"action_time": "2025-04-20T16:52:09.227Z", "user": 1, "content_type": 11, "object_id": "8", "object_repr": "Heraklion International Airport N. Kazantzakis (Heraklion, Grecia)", "action_flag": 1, "change_message": "[{\"added\": {}}]"}}, {"model": "admin.logentry", "pk": 11, "fields": {"action_time": "2025-04-20T17:01:12.743Z", "user": 1, "content_type": 8, "object_id": "9", "object_repr": "France", "action_flag": 1, "change_message": "[{\"added\": {}}]"}}, {"model": "admin.logentry", "pk": 12, "fields": {"action_time": "2025-04-20T17:01:14.762Z", "user": 1, "content_type": 9, "object_id": "10", "object_repr": "Paris, France", "action_flag": 1, "change_message": "[{\"added\": {}}]"}}, {"model": "admin.logentry", "pk": 13, "fields": {"action_time": "2025-04-20T17:01:17.215Z", "user": 1, "content_type": 11, "object_id": "9", "object_repr": "Charles de Gaulle Airport (Paris, France)", "action_flag": 1, "change_message": "[{\"added\": {}}]"}}, {"model": "admin.logentry", "pk": 14, "fields": {"action_time": "2025-04-20T17:03:21.865Z", "user": 1, "content_type": 10, "object_id": "7", "object_repr": "The Originals Boutique, Hôtel Maison Montmartre Paris Les Puces", "action_flag": 1, "change_message": "[{\"added\": {}}]"}}, {"model": "admin.logentry", "pk": 15, "fields": {"action_time": "2025-04-20T17:04:37.229Z", "user": 1, "content_type": 10, "object_id": "8", "object_repr": "Olive Green Hotel", "action_flag": 1, "change_message": "[{\"added\": {}}]"}}, {"model": "admin.logentry", "pk": 16, "fields": {"action_time": "2025-04-20T17:08:11.152Z", "user": 1, "content_type": 12, "object_id": "4", "object_repr": "București, România to Olive Green Hotel (2025-06-27)", "action_flag": 1, "change_message": "[{\"added\": {}}]"}}, {"model": "admin.logentry", "pk": 17, "fields": {"action_time": "2025-05-05T15:23:59.435Z", "user": 1, "content_type": 12, "object_id": "1", "object_repr": "București, România to Tokyo Prince Hotel (2025-06-01)", "action_flag": 2, "change_message": "[{\"changed\": {\"fields\": [\"Trip type\", \"Places adults\", \"Places children\"]}}]"}}, {"model": "admin.logentry", "pk": 18, "fields": {"action_time": "2025-05-05T18:49:12.906Z", "user": 1, "content_type": 9, "object_id": "10", "object_repr": "Paris, France", "action_flag": 2, "change_message": "[{\"changed\": {\"fields\": [\"Image\"]}}]"}}, {"model": "admin.logentry", "pk": 19, "fields": {"action_time": "2025-05-05T18:49:24.571Z", "user": 1, "content_type": 9, "object_id": "9", "object_repr": "Heraklion, Grecia", "action_flag": 2, "change_message": "[{\"changed\": {\"fields\": [\"Image\"]}}]"}}, {"model": "admin.logentry", "pk": 20, "fields": {"action_time": "2025-05-05T18:49:37.375Z", "user": 1, "content_type": 9, "object_id": "8", "object_repr": "Shanghai, China", "action_flag": 2, "change_message": "[{\"changed\": {\"fields\": [\"Image\"]}}]"}}, {"model": "admin.logentry", "pk": 21, "fields": {"action_time": "2025-05-05T18:49:50.770Z", "user": 1, "content_type": 9, "object_id": "7", "object_repr": "Atena, Grecia", "action_flag": 2, "change_message": "[{\"changed\": {\"fields\": [\"Image\"]}}]"}}, {"model": "admin.logentry", "pk": 22, "fields": {"action_time": "2025-05-05T18:50:04.739Z", "user": 1, "content_type": 9, "object_id": "6", "object_repr": "Rio de Janeiro, Brazilia", "action_flag": 2, "change_message": "[{\"changed\": {\"fields\": [\"Image\"]}}]"}}, {"model": "admin.logentry", "pk": 23, "fields": {"action_time": "2025-05-05T18:50:19.948Z", "user": 1, "content_type": 9, "object_id": "5", "object_repr": "New York, Statele Unite", "action_flag": 2, "change_message": "[{\"changed\": {\"fields\": [\"Image\"]}}]"}}, {"model": "admin.logentry", "pk": 24, "fields": {"action_time": "2025-05-05T18:50:34.454Z", "user": 1, "content_type": 9, "object_id": "4", "object_repr": "București, România", "action_flag": 2, "change_message": "[{\"changed\": {\"fields\": [\"Image\"]}}]"}}, {"model": "admin.logentry", "pk": 25, "fields": {"action_time": "2025-05-05T18:50:44.711Z", "user": 1, "content_type": 9, "object_id": "3", "object_repr": "Sydney, Australia", "action_flag": 2, "change_message": "[{\"changed\": {\"fields\": [\"Image\"]}}]"}}, {"model": "admin.logentry", "pk": 26, "fields": {"action_time": "2025-05-05T18:50:56.695Z", "user": 1, "content_type": 9, "object_id": "2", "object_repr": "Tokyo, Japonia", "action_flag": 2, "change_message": "[{\"changed\": {\"fields\": [\"Image\"]}}]"}}, {"model": "admin.logentry", "pk": 27, "fields": {"action_time": "2025-05-06T16:04:42.783Z", "user": 1, "content_type": 13, "object_id": "13", "object_repr": "Purchase of New York, Statele Unite to Copacabana Palace (2025-07-15) for 1 adults, 0 children", "action_flag": 1, "change_message": "[{\"added\": {}}]"}}, {"model": "admin.logentry", "pk": 28, "fields": {"action_time": "2025-05-06T16:05:14.809Z", "user": 1, "content_type": 13, "object_id": "14", "object_repr": "Purchase of București, România to Olive Green Hotel (2025-06-27) for 2 adults, 1 children", "action_flag": 1, "change_message": "[{\"added\": {}}]"}}, {"model": "admin.logentry", "pk": 29, "fields": {"action_time": "2025-05-06T16:08:36.051Z", "user": 1, "content_type": 10, "object_id": "9", "object_repr": "Shushe Hotel Shanghai", "action_flag": 1, "change_message": "[{\"added\": {}}]"}}, {"model": "admin.logentry", "pk": 30, "fields": {"action_time": "2025-05-06T16:09:51.670Z", "user": 1, "content_type": 12, "object_id": "5", "object_repr": "București, România to Shushe Hotel Shanghai (2025-07-01)", "action_flag": 1, "change_message": "[{\"added\": {}}]"}}, {"model": "admin.logentry", "pk": 31, "fields": {"action_time": "2025-05-07T15:26:29.941Z", "user": 1, "content_type": 9, "object_id": "10", "object_repr": "Paris, France", "action_flag": 2, "change_message": "[{\"changed\": {\"fields\": [\"Video url\"]}}]"}}, {"model": "admin.logentry", "pk": 32, "fields": {"action_time": "2025-05-07T15:28:16.874Z", "user": 1, "content_type": 9, "object_id": "9", "object_repr": "Heraklion, Grecia", "action_flag": 2, "change_message": "[{\"changed\": {\"fields\": [\"Video url\"]}}]"}}, {"model": "admin.logentry", "pk": 33, "fields": {"action_time": "2025-05-07T15:28:56.805Z", "user": 1, "content_type": 9, "object_id": "8", "object_repr": "Shanghai, China", "action_flag": 2, "change_message": "[{\"changed\": {\"fields\": [\"Video url\"]}}]"}}, {"model": "admin.logentry", "pk": 34, "fields": {"action_time": "2025-05-07T15:29:32.046Z", "user": 1, "content_type": 9, "object_id": "7", "object_repr": "Atena, Grecia", "action_flag": 2, "change_message": "[{\"changed\": {\"fields\": [\"Video url\"]}}]"}}, {"model": "admin.logentry", "pk": 35, "fields": {"action_time": "2025-05-07T15:30:25.250Z", "user": 1, "content_type": 9, "object_id": "6", "object_repr": "Rio de Janeiro, Brazilia", "action_flag": 2, "change_message": "[{\"changed\": {\"fields\": [\"Video url\"]}}]"}}, {"model": "admin.logentry", "pk": 36, "fields": {"action_time": "2025-05-07T15:31:41.725Z", "user": 1, "content_type": 9, "object_id": "5", "object_repr": "New York, Statele Unite", "action_flag": 2, "change_message": "[{\"changed\": {\"fields\": [\"Video url\"]}}]"}}, {"model": "admin.logentry", "pk": 37, "fields": {"action_time": "2025-05-07T15:35:48.826Z", "user": 1, "content_type": 9, "object_id": "4", "object_repr": "București, România", "action_flag": 2, "change_message": "[{\"changed\": {\"fields\": [\"Video url\"]}}]"}}, {"model": "admin.logentry", "pk": 38, "fields": {"action_time": "2025-05-07T15:37:27.680Z", "user": 1, "content_type": 9, "object_id": "3", "object_repr": "Sydney, Australia", "action_flag": 2, "change_message": "[{\"changed\": {\"fields\": [\"Video url\"]}}]"}}, {"model": "admin.logentry", "pk": 39, "fields": {"action_time": "2025-05-07T15:38:32.865Z", "user": 1, "content_type": 9, "object_id": "2", "object_repr": "Tokyo, Japonia", "action_flag": 2, "change_message": "[{\"changed\": {\"fields\": [\"Video url\"]}}]"}}, {"model": "admin.logentry", "pk": 40, "fields": {"action_time": "2025-05-07T15:55:13.739Z", "user": 1, "content_type": 9, "object_id": "10", "object_repr": "Paris, France", "action_flag": 2, "change_message": "[{\"changed\": {\"fields\": [\"Video url\"]}}]"}}, {"model": "admin.logentry", "pk": 41, "fields": {"action_time": "2025-05-07T15:55:47.081Z", "user": 1, "content_type": 9, "object_id": "9", "object_repr": "Heraklion, Grecia", "action_flag": 2, "change_message": "[{\"changed\": {\"fields\": [\"Video url\"]}}]"}}, {"model": "admin.logentry", "pk": 42, "fields": {"action_time": "2025-05-07T15:56:02.003Z", "user": 1, "content_type": 9, "object_id": "8", "object_repr": "Shanghai, China", "action_flag": 2, "change_message": "[{\"changed\": {\"fields\": [\"Video url\"]}}]"}}, {"model": "admin.logentry", "pk": 43, "fields": {"action_time": "2025-05-07T15:56:15.973Z", "user": 1, "content_type": 9, "object_id": "7", "object_repr": "Atena, Grecia", "action_flag": 2, "change_message": "[{\"changed\": {\"fields\": [\"Video url\"]}}]"}}, {"model": "admin.logentry", "pk": 44, "fields": {"action_time": "2025-05-07T15:56:29.434Z", "user": 1, "content_type": 9, "object_id": "6", "object_repr": "Rio de Janeiro, Brazilia", "action_flag": 2, "change_message": "[{\"changed\": {\"fields\": [\"Video url\"]}}]"}}, {"model": "admin.logentry", "pk": 45, "fields": {"action_time": "2025-05-07T15:56:41.227Z", "user": 1, "content_type": 9, "object_id": "5", "object_repr": "New York, Statele Unite", "action_flag": 2, "change_message": "[{\"changed\": {\"fields\": [\"Video url\"]}}]"}}, {"model": "admin.logentry", "pk": 46, "fields": {"action_time": "2025-05-07T15:56:51.177Z", "user": 1, "content_type": 9, "object_id": "4", "object_repr": "București, România", "action_flag": 2, "change_message": "[{\"changed\": {\"fields\": [\"Video url\"]}}]"}}, {"model": "admin.logentry", "pk": 47, "fields": {"action_time": "2025-05-07T15:57:01.865Z", "user": 1, "content_type": 9, "object_id": "3", "object_repr": "Sydney, Australia", "action_flag": 2, "change_message": "[{\"changed\": {\"fields\": [\"Video url\"]}}]"}}, {"model": "admin.logentry", "pk": 48, "fields": {"action_time": "2025-05-07T15:57:13.245Z", "user": 1, "content_type": 9, "object_id": "2", "object_repr": "Tokyo, Japonia", "action_flag": 2, "change_message": "[{\"changed\": {\"fields\": [\"Video url\"]}}]"}}, {"model": "admin.logentry", "pk": 49, "fields": {"action_time": "2025-05-07T15:57:17.450Z", "user": 1, "content_type": 9, "object_id": "1", "object_repr": "Lagos, Nigeria", "action_flag": 2, "change_message": "[]"}}, {"model": "admin.logentry", "pk": 50, "fields": {"action_time": "2025-05-07T17:15:10.937Z", "user": 1, "content_type": 9, "object_id": "4", "object_repr": "Bucuresti, România", "action_flag": 2, "change_message": "[{\"changed\": {\"fields\": [\"Name\"]}}]"}}, {"model": "auth.permission", "pk": 1, "fields": {"name": "Can add log entry", "content_type": 1, "codename": "add_logentry"}}, {"model": "auth.permission", "pk": 2, "fields": {"name": "Can change log entry", "content_type": 1, "codename": "change_logentry"}}, {"model": "auth.permission", "pk": 3, "fields": {"name": "Can delete log entry", "content_type": 1, "codename": "delete_logentry"}}, {"model": "auth.permission", "pk": 4, "fields": {"name": "Can view log entry", "content_type": 1, "codename": "view_logentry"}}, {"model": "auth.permission", "pk": 5, "fields": {"name": "Can add permission", "content_type": 2, "codename": "add_permission"}}, {"model": "auth.permission", "pk": 6, "fields": {"name": "Can change permission", "content_type": 2, "codename": "change_permission"}}, {"model": "auth.permission", "pk": 7, "fields": {"name": "Can delete permission", "content_type": 2, "codename": "delete_permission"}}, {"model": "auth.permission", "pk": 8, "fields": {"name": "Can view permission", "content_type": 2, "codename": "view_permission"}}, {"model": "auth.permission", "pk": 9, "fields": {"name": "Can add group", "content_type": 3, "codename": "add_group"}}, {"model": "auth.permission", "pk": 10, "fields": {"name": "Can change group", "content_type": 3, "codename": "change_group"}}, {"model": "auth.permission", "pk": 11, "fields": {"name": "Can delete group", "content_type": 3, "codename": "delete_group"}}, {"model": "auth.permission", "pk": 12, "fields": {"name": "Can view group", "content_type": 3, "codename": "view_group"}}, {"model": "auth.permission", "pk": 13, "fields": {"name": "Can add user", "content_type": 4, "codename": "add_user"}}, {"model": "auth.permission", "pk": 14, "fields": {"name": "Can change user", "content_type": 4, "codename": "change_user"}}, {"model": "auth.permission", "pk": 15, "fields": {"name": "Can delete user", "content_type": 4, "codename": "delete_user"}}, {"model": "auth.permission", "pk": 16, "fields": {"name": "Can view user", "content_type": 4, "codename": "view_user"}}, {"model": "auth.permission", "pk": 17, "fields": {"name": "Can add content type", "content_type": 5, "codename": "add_contenttype"}}, {"model": "auth.permission", "pk": 18, "fields": {"name": "Can change content type", "content_type": 5, "codename": "change_contenttype"}}, {"model": "auth.permission", "pk": 19, "fields": {"name": "Can delete content type", "content_type": 5, "codename": "delete_contenttype"}}, {"model": "auth.permission", "pk": 20, "fields": {"name": "Can view content type", "content_type": 5, "codename": "view_contenttype"}}, {"model": "auth.permission", "pk": 21, "fields": {"name": "Can add session", "content_type": 6, "codename": "add_session"}}, {"model": "auth.permission", "pk": 22, "fields": {"name": "Can change session", "content_type": 6, "codename": "change_session"}}, {"model": "auth.permission", "pk": 23, "fields": {"name": "Can delete session", "content_type": 6, "codename": "delete_session"}}, {"model": "auth.permission", "pk": 24, "fields": {"name": "Can view session", "content_type": 6, "codename": "view_session"}}, {"model": "auth.permission", "pk": 25, "fields": {"name": "Can add continent", "content_type": 7, "codename": "add_continent"}}, {"model": "auth.permission", "pk": 26, "fields": {"name": "Can change continent", "content_type": 7, "codename": "change_continent"}}, {"model": "auth.permission", "pk": 27, "fields": {"name": "Can delete continent", "content_type": 7, "codename": "delete_continent"}}, {"model": "auth.permission", "pk": 28, "fields": {"name": "Can view continent", "content_type": 7, "codename": "view_continent"}}, {"model": "auth.permission", "pk": 29, "fields": {"name": "Can add country", "content_type": 8, "codename": "add_country"}}, {"model": "auth.permission", "pk": 30, "fields": {"name": "Can change country", "content_type": 8, "codename": "change_country"}}, {"model": "auth.permission", "pk": 31, "fields": {"name": "Can delete country", "content_type": 8, "codename": "delete_country"}}, {"model": "auth.permission", "pk": 32, "fields": {"name": "Can view country", "content_type": 8, "codename": "view_country"}}, {"model": "auth.permission", "pk": 33, "fields": {"name": "Can add city", "content_type": 9, "codename": "add_city"}}, {"model": "auth.permission", "pk": 34, "fields": {"name": "Can change city", "content_type": 9, "codename": "change_city"}}, {"model": "auth.permission", "pk": 35, "fields": {"name": "Can delete city", "content_type": 9, "codename": "delete_city"}}, {"model": "auth.permission", "pk": 36, "fields": {"name": "Can view city", "content_type": 9, "codename": "view_city"}}, {"model": "auth.permission", "pk": 37, "fields": {"name": "Can add hotel", "content_type": 10, "codename": "add_hotel"}}, {"model": "auth.permission", "pk": 38, "fields": {"name": "Can change hotel", "content_type": 10, "codename": "change_hotel"}}, {"model": "auth.permission", "pk": 39, "fields": {"name": "Can delete hotel", "content_type": 10, "codename": "delete_hotel"}}, {"model": "auth.permission", "pk": 40, "fields": {"name": "Can view hotel", "content_type": 10, "codename": "view_hotel"}}, {"model": "auth.permission", "pk": 41, "fields": {"name": "Can add airport", "content_type": 11, "codename": "add_airport"}}, {"model": "auth.permission", "pk": 42, "fields": {"name": "Can change airport", "content_type": 11, "codename": "change_airport"}}, {"model": "auth.permission", "pk": 43, "fields": {"name": "Can delete airport", "content_type": 11, "codename": "delete_airport"}}, {"model": "auth.permission", "pk": 44, "fields": {"name": "Can view airport", "content_type": 11, "codename": "view_airport"}}, {"model": "auth.permission", "pk": 45, "fields": {"name": "Can add trip", "content_type": 12, "codename": "add_trip"}}, {"model": "auth.permission", "pk": 46, "fields": {"name": "Can change trip", "content_type": 12, "codename": "change_trip"}}, {"model": "auth.permission", "pk": 47, "fields": {"name": "Can delete trip", "content_type": 12, "codename": "delete_trip"}}, {"model": "auth.permission", "pk": 48, "fields": {"name": "Can view trip", "content_type": 12, "codename": "view_trip"}}, {"model": "auth.permission", "pk": 49, "fields": {"name": "Can add purchase", "content_type": 13, "codename": "add_purchase"}}, {"model": "auth.permission", "pk": 50, "fields": {"name": "Can change purchase", "content_type": 13, "codename": "change_purchase"}}, {"model": "auth.permission", "pk": 51, "fields": {"name": "Can delete purchase", "content_type": 13, "codename": "delete_purchase"}}, {"model": "auth.permission", "pk": 52, "fields": {"name": "Can view purchase", "content_type": 13, "codename": "view_purchase"}}, {"model": "auth.permission", "pk": 53, "fields": {"name": "Can add contact message", "content_type": 14, "codename": "add_contactmessage"}}, {"model": "auth.permission", "pk": 54, "fields": {"name": "Can change contact message", "content_type": 14, "codename": "change_contactmessage"}}, {"model": "auth.permission", "pk": 55, "fields": {"name": "Can delete contact message", "content_type": 14, "codename": "delete_contactmessage"}}, {"model": "auth.permission", "pk": 56, "fields": {"name": "Can view contact message", "content_type": 14, "codename": "view_contactmessage"}}, {"model": "auth.permission", "pk": 57, "fields": {"name": "Can add booking", "content_type": 15, "codename": "add_booking"}}, {"model": "auth.permission", "pk": 58, "fields": {"name": "Can change booking", "content_type": 15, "codename": "change_booking"}}, {"model": "auth.permission", "pk": 59, "fields": {"name": "Can delete booking", "content_type": 15, "codename": "delete_booking"}}, {"model": "auth.permission", "pk": 60, "fields": {"name": "Can view booking", "content_type": 15, "codename": "view_booking"}}, {"model": "auth.user", "pk": 1, "fields": {"password": "pbkdf2_sha256$390000$Ad1qWPEgVv1H2qS9RbUBvJ$niQ3Zzlc1tii6Ho2lVxvWcMWTSAstpYSwt8YsH1eGeQ=", "last_login": "2025-05-07T15:25:36.947Z", "is_superuser": true, "username": "felix", "first_name": "", "last_name": "", "email": "admin@example.com", "is_staff": true, "is_active": true, "date_joined": "2025-04-09T19:59:45.413Z", "groups": [], "user_permissions": []}}, {"model": "auth.user", "pk": 2, "fields": {"password": "pbkdf2_sha256$390000$LQOuuRzGie7kpQhJQIMCSW$ejnObml6dpnZFZgU2ZQh05qucboY6xOhC/0d1uSXhe4=", "last_login": "2025-05-06T18:06:45.882Z", "is_superuser": false, "username": "testfelix", "first_name": "", "last_name": "", "email": "", "is_staff": false, "is_active": true, "date_joined": "2025-04-12T19:13:18.298Z", "groups": [], "user_permissions": []}}, {"model": "contenttypes.contenttype", "pk": 1, "fields": {"app_label": "admin", "model": "logentry"}}, {"model": "contenttypes.contenttype", "pk": 2, "fields": {"app_label": "auth", "model": "permission"}}, {"model": "contenttypes.contenttype", "pk": 3, "fields": {"app_label": "auth", "model": "group"}}, {"model": "contenttypes.contenttype", "pk": 4, "fields": {"app_label": "auth", "model": "user"}}, {"model": "contenttypes.contenttype", "pk": 5, "fields": {"app_label": "contenttypes", "model": "contenttype"}}, {"model": "contenttypes.contenttype", "pk": 6, "fields": {"app_label": "sessions", "model": "session"}}, {"model": "contenttypes.contenttype", "pk": 7, "fields": {"app_label": "trips", "model": "continent"}}, {"model": "contenttypes.contenttype", "pk": 8, "fields": {"app_label": "trips", "model": "country"}}, {"model": "contenttypes.contenttype", "pk": 9, "fields": {"app_label": "trips", "model": "city"}}, {"model": "contenttypes.contenttype", "pk": 10, "fields": {"app_label": "trips", "model": "hotel"}}, {"model": "contenttypes.contenttype", "pk": 11, "fields": {"app_label": "trips", "model": "airport"}}, {"model": "contenttypes.contenttype", "pk": 12, "fields": {"app_label": "trips", "model": "trip"}}, {"model": "contenttypes.contenttype", "pk": 13, "fields": {"app_label": "trips", "model": "purchase"}}, {"model": "contenttypes.contenttype", "pk": 14, "fields": {"app_label": "trips", "model": "contactmessage"}}, {"model": "contenttypes.contenttype", "pk": 15, "fields": {"app_label": "trips", "model": "booking"}}, {"model": "sessions.session", "pk": "sg4cqq5z6lzfyqeggh006333hz5ub186", "fields": {"session_data": ".eJxVjDsOwyAQBe9CHSEwX6dMnzOghV2CkwgkY1eR7-5YcpG0b2behwVYlxLWTnOYkF3ZwC6_W4T0onoAfEJ9NJ5aXeYp8kPhJ-383pDet9P9OyjQy7cWUhunTRSAlgwh-qiyk9L5jCrKZKzOyaHyZMnm0etMA4LVZhTohQS27edcOBE:1u426h:Q_rlcG1flUpa15B2OqFIKUkWRxtQEIdAXj6sD_RBt6M", "expire_date": "2025-04-27T18:31:03.691Z"}}, {"model": "sessions.session", "pk": "v0g25oljth88pdnwnm7tjfhmdr07ub69", "fields": {"session_data": ".eJxVjMEOwiAQRP-FsyFA2wU8eu83kIVdpGpoUtqT8d9tkx50jvPezFsE3NYStsZLmEhchRaX3y5ienI9AD2w3meZ5rouU5SHIk_a5DgTv26n-3dQsJV93WfrmHt03qZEqLwDQOjYqExZW0CjOg-DgUgukt9jzUAx6WSjN9aIzxfqBTfG:1uCgeO:h1sMwsFpCNS0SHMIMKYGqTabY-yjMIhkik3HRfK8QmM", "expire_date": "2025-05-21T15:25:36.950Z"}}, {"model": "trips.continent", "pk": 1, "fields": {"name": "Africa"}}, {"model": "trips.continent", "pk": 2, "fields": {"name": "Asia"}}, {"model": "trips.continent", "pk": 3, "fields": {"name": "Australia"}}, {"model": "trips.continent", "pk": 4, "fields": {"name": "Europa"}}, {"model": "trips.continent", "pk": 5, "fields": {"name": "America de Nord"}}, {"model": "trips.continent", "pk": 6, "fields": {"name": "America de Sud"}}, {"model": "trips.country", "pk": 1, "fields": {"name": "Nigeria", "continent": 1}}, {"model": "trips.country", "pk": 2, "fields": {"name": "Japonia", "continent": 2}}, {"model": "trips.country", "pk": 3, "fields": {"name": "Australia", "continent": 3}}, {"model": "trips.country", "pk": 4, "fields": {"name": "România", "continent": 4}}, {"model": "trips.country", "pk": 5, "fields": {"name": "Statele Unite", "continent": 5}}, {"model": "trips.country", "pk": 6, "fields": {"name": "Brazilia", "continent": 6}}, {"model": "trips.country", "pk": 7, "fields": {"name": "Grecia", "continent": 4}}, {"model": "trips.country", "pk": 8, "fields": {"name": "China", "continent": 2}}, {"model": "trips.country", "pk": 9, "fields": {"name": "France", "continent": 4}}, {"model": "trips.city", "pk": 1, "fields": {"name": "Lagos", "country": 1, "image": "", "video_url": null}}, {"model": "trips.city", "pk": 2, "fields": {"name": "Tokyo", "country": 2, "image": "city_images/tokyo.jpg", "video_url": "https://www.youtube.com/embed/aMLXNgavxHA"}}, {"model": "trips.city", "pk": 3, "fields": {"name": "Sydney", "country": 3, "image": "city_images/sydney.jpg", "video_url": "https://www.youtube.com/embed/2SKmvz2VtyU"}}, {"model": "trips.city", "pk": 4, "fields": {"name": "Bucuresti", "country": 4, "image": "city_images/bucuresti.jpg", "video_url": "https://www.youtube.com/embed/Zpc2tsj89bY"}}, {"model": "trips.city", "pk": 5, "fields": {"name": "New York", "country": 5, "image": "city_images/new_york.jpg", "video_url": "https://www.youtube.com/embed/DNgddXIq3zU"}}, {"model": "trips.city", "pk": 6, "fields": {"name": "Rio de Janeiro", "country": 6, "image": "city_images/rio_de_janeiro.jpg", "video_url": "https://www.youtube.com/embed/qXJqK8SM8f8"}}, {"model": "trips.city", "pk": 7, "fields": {"name": "Atena", "country": 7, "image": "city_images/atena.jpg", "video_url": "https://www.youtube.com/embed/rLx3inqS7dM"}}, {"model": "trips.city", "pk": 8, "fields": {"name": "Shanghai", "country": 8, "image": "city_images/shanghai.jpg", "video_url": "https://www.youtube.com/embed/m-R5gZ5nMoU"}}, {"model": "trips.city", "pk": 9, "fields": {"name": "Heraklion", "country": 7, "image": "city_images/heraklion.jpg", "video_url": "https://www.youtube.com/embed/aWsHziFHT98"}}, {"model": "trips.city", "pk": 10, "fields": {"name": "Paris", "country": 9, "image": "city_images/paris.jpg", "video_url": "https://www.youtube.com/embed/zGZaETkWBg"}}, {"model": "trips.hotel", "pk": 1, "fields": {"name": "Lagos Continental Hotel", "standard": 4, "description": "Luxury hotel in Lagos", "city": 1}}, {"model": "trips.hotel", "pk": 2, "fields": {"name": "Tokyo Prince Hotel", "standard": 5, "description": "Premium hotel near Tokyo Tower", "city": 2}}, {"model": "trips.hotel", "pk": 3, "fields": {"name": "Sydney Harbour Marriott", "standard": 5, "description": "Scenic views of Sydney", "city": 3}}, {"model": "trips.hotel", "pk": 4, "fields": {"name": "JW Marriott Bucharest", "standard": 5, "description": "Elegant hotel in Bucharest", "city": 4}}, {"model": "trips.hotel", "pk": 5, "fields": {"name": "New York Hilton Midtown", "standard": 4, "description": "Central location in NYC", "city": 5}}, {"model": "trips.hotel", "pk": 6, "fields": {"name": "Copacabana Palace", "standard": 5, "description": "Iconic hotel in Rio", "city": 6}}, {"model": "trips.hotel", "pk": 7, "fields": {"name": "The Originals Boutique, Hôtel Maison Montmartre Paris Les Puces", "standard": 4, "description": "The Originals Boutique, Hôtel Maison Montmartre Paris Les Puces este situat în Paris, la 2,1 km de Bazilica Sacré-Coeur, şi oferă o serie de facilități, inclusiv o terasă, un bar și opțiuni de luat masa. Proprietatea se află la 2,5 km de sala de concerte La Cigale și la 3,5 km de Teatrul Mathurins și Opéra Garnier. De asemenea, unitatea de cazare pune la dispoziție recepție cu program nonstop și room-service.", "city": 10}}, {"model": "trips.hotel", "pk": 8, "fields": {"name": "Olive Green Hotel", "standard": 4, "description": "Hotelul Olive Green este situat în centrul oraşului Heraklion, chiar în zona comercială plină de viaţă. La restaurantul cu program nonstop se pot degusta preparate cretane autentice cu elemente moderne. În întreaga proprietate este disponibil acces gratuit la internet WiFi.", "city": 9}}, {"model": "trips.hotel", "pk": 9, "fields": {"name": "Shushe Hotel Shanghai", "standard": 3, "description": "Shushe Hotel Shanghai se află în Shanghai, la 25 km de Shanghai Disneyland, și pune la dispoziție un centru de fitness, o grădină, o terasă și parcare privată gratuită. Proprietatea pune la dispoziție un restaurant, precum și un bar și o piscină interioară. Proprietatea oferă o recepție deschisă non-stop, servicii de transport de la/la aeroport, room-service și WiFi gratuit.", "city": 8}}, {"model": "trips.airport", "pk": 1, "fields": {"name": "Murtala Muhammed International Airport", "city": 1}}, {"model": "trips.airport", "pk": 2, "fields": {"name": "Narita International Airport", "city": 2}}, {"model": "trips.airport", "pk": 3, "fields": {"name": "Sydney Kingsford Smith Airport", "city": 3}}, {"model": "trips.airport", "pk": 4, "fields": {"name": "Henri Coandă International Airport", "city": 4}}, {"model": "trips.airport", "pk": 5, "fields": {"name": "John F. Kennedy International Airport", "city": 5}}, {"model": "trips.airport", "pk": 6, "fields": {"name": "Galeão International Airport", "city": 6}}, {"model": "trips.airport", "pk": 7, "fields": {"name": "Shanghai Pudong International Airport", "city": 8}}, {"model": "trips.airport", "pk": 8, "fields": {"name": "Heraklion International Airport N. Kazantzakis", "city": 9}}, {"model": "trips.airport", "pk": 9, "fields": {"name": "Charles de Gaulle Airport", "city": 10}}, {"model": "trips.trip", "pk": 1, "fields": {"departure_city": 4, "departure_airport": 4, "destination_city": 2, "destination_hotel": 2, "destination_airport": 2, "departure_date": "2025-06-01", "return_date": "2025-06-08", "length_of_stay": 7, "trip_type": "HB", "price_adult": "1200.00", "price_child": "600.00", "promoted": true, "places_adults": 8, "places_children": 5}}, {"model": "trips.trip", "pk": 2, "fields": {"departure_city": 5, "departure_airport": 5, "destination_city": 6, "destination_hotel": 6, "destination_airport": 6, "departure_date": "2025-07-15", "return_date": "2025-07-22", "length_of_stay": 7, "trip_type": "HB", "price_adult": "1500.00", "price_child": "750.00", "promoted": false, "places_adults": 14, "places_children": 10}}, {"model": "trips.trip", "pk": 3, "fields": {"departure_city": 1, "departure_airport": 1, "destination_city": 7, "destination_hotel": 3, "destination_airport": 3, "departure_date": "2025-08-10", "return_date": "2025-08-17", "length_of_stay": 7, "trip_type": "FB", "price_adult": "1000.00", "price_child": "500.00", "promoted": true, "places_adults": 8, "places_children": 4}}, {"model": "trips.trip", "pk": 4, "fields": {"departure_city": 4, "departure_airport": 4, "destination_city": 9, "destination_hotel": 8, "destination_airport": 8, "departure_date": "2025-06-27", "return_date": "2025-07-05", "length_of_stay": 8, "trip_type": "AI", "price_adult": "50.00", "price_child": "25.00", "promoted": true, "places_adults": 18, "places_children": 19}}, {"model": "trips.trip", "pk": 5, "fields": {"departure_city": 4, "departure_airport": 4, "destination_city": 8, "destination_hotel": 9, "destination_airport": 7, "departure_date": "2025-07-01", "return_date": "2025-08-01", "length_of_stay": 37, "trip_type": "AI", "price_adult": "50.00", "price_child": "25.00", "promoted": false, "places_adults": 20, "places_children": 10}}, {"model": "trips.purchase", "pk": 1, "fields": {"trip": 1, "user": null, "adults": 2, "children": 1, "purchase_date": "2025-04-10T10:00:00Z"}}, {"model": "trips.purchase", "pk": 2, "fields": {"trip": 2, "user": null, "adults": 3, "children": 2, "purchase_date": "2025-04-11T15:00:00Z"}}, {"model": "trips.purchase", "pk": 3, "fields": {"trip": 3, "user": null, "adults": 1, "children": 1, "purchase_date": "2025-04-12T09:00:00Z"}}, {"model": "trips.purchase", "pk": 4, "fields": {"trip": 1, "user": null, "adults": 0, "children": 0, "purchase_date": "2025-04-12T08:02:08.786Z"}}, {"model": "trips.purchase", "pk": 5, "fields": {"trip": 1, "user": null, "adults": 0, "children": 0, "purchase_date": "2025-04-12T14:57:52.082Z"}}, {"model": "trips.purchase", "pk": 6, "fields": {"trip": 1, "user": null, "adults": 2, "children": 1, "purchase_date": "2025-04-12T16:35:33.971Z"}}, {"model": "trips.purchase", "pk": 7, "fields": {"trip": 1, "user": null, "adults": 2, "children": 1, "purchase_date": "2025-04-12T16:37:53.923Z"}}, {"model": "trips.purchase", "pk": 8, "fields": {"trip": 1, "user": 2, "adults": 1, "children": 0, "purchase_date": "2025-04-12T20:44:15.820Z"}}, {"model": "trips.purchase", "pk": 9, "fields": {"trip": 1, "user": 2, "adults": 1, "children": 0, "purchase_date": "2025-04-12T21:40:37.192Z"}}, {"model": "trips.purchase", "pk": 10, "fields": {"trip": 1, "user": 2, "adults": 1, "children": 0, "purchase_date": "2025-04-12T21:42:21.228Z"}}, {"model": "trips.purchase", "pk": 11, "fields": {"trip": 1, "user": 2, "adults": 8, "children": 5, "purchase_date": "2025-04-12T21:52:15.753Z"}}, {"model": "trips.purchase", "pk": 12, "fields": {"trip": 1, "user": 1, "adults": 2, "children": 1, "purchase_date": "2025-05-05T15:24:43.431Z"}}, {"model": "trips.purchase", "pk": 13, "fields": {"trip": 2, "user": 2, "adults": 1, "children": 0, "purchase_date": "2025-05-06T16:04:42.781Z"}}, {"model": "trips.purchase", "pk": 14, "fields": {"trip": 4, "user": 2, "adults": 2, "children": 1, "purchase_date": "2025-05-06T16:05:14.807Z"}}, {"model": "trips.contactmessage", "pk": 1, "fields": {"name": "Felix-Catalin Badea", "email": "badea_felix@yahoo.com", "message": "test2", "created_at": "2025-05-04T20:07:07.024Z"}}, {"model": "trips.contactmessage", "pk": 2, "fields": {"name": "Felix-Catalin Badea", "email": "badea_felix@yahoo.com", "message": "blabla", "created_at": "2025-05-05T15:19:15.801Z"}}, {"model": "trips.contactmessage", "pk": 3, "fields": {"name": "Felix-Catalin Badea", "email": "badea_felix@yahoo.com", "message": "verificare comunicare", "created_at": "2025-05-06T18:05:56.835Z"}}]